"1.5945120943859746E9","b8:27:eb:bf:9d:51","0.004955938648391245","51.0","false","0.00765082227055719","false","0.02041127012241292","22.7"
"1.5945120947355676E9","00:0f:00:70:91:0a","0.0028400886071015706","76.0","false","0.005114383400977071","false","0.013274836704851536","19.700000762939453"
"1.5945120980735729E9","b8:27:eb:bf:9d:51","0.004976012340421658","50.9","false","0.007673227406398091","false","0.02047512557617824","22.6"
"1.594512099589146E9","1c:bf:ce:15:ec:4d","0.004403026829699689","76.80000305175781","true","0.007023337145877314","false","0.018628225377018803","27.0"
"1.594512101761235E9","b8:27:eb:bf:9d:51","0.004967363641908952","50.9","false","0.007663577282372411","false","0.020447620810233658","22.6"
"1.5945121044684107E9","1c:bf:ce:15:ec:4d","0.004391003954583357","77.9000015258789","true","0.007009458543138704","false","0.01858890754005078","27.0"
"1.5945121054488637E9","b8:27:eb:bf:9d:51","0.004976025118224167","50.9","false","0.007673241660297752","false","0.020475166204362245","22.6"
"1.594512106869076E9","00:0f:00:70:91:0a","0.0029381156266604295","76.0","false","0.005241481841731117","false","0.013627521132019194","19.700000762939453"
"1.5945121082753816E9","1c:bf:ce:15:ec:4d","0.004345471359573249","77.9000015258789","true","0.006956802377235561","false","0.01843978190211682","27.0"
"1.5945121091366868E9","b8:27:eb:bf:9d:51","0.0049702557644185795","50.9","false","0.0076668047981169295","false","0.020456819607064126","22.6"
"1.594512112798518E9","b8:27:eb:bf:9d:51","0.004960208655965963","50.9","false","0.007655590313556344","false","0.02042485815208522","22.6"
"1.5945121152885423E9","1c:bf:ce:15:ec:4d","0.00438304383734993","78.0","true","0.007000264000767255","false","0.018562862485791535","27.0"
"1.5945121164982603E9","b8:27:eb:bf:9d:51","0.004971644949355083","50.9","false","0.007668354899155367","false","0.020461237669931027","22.6"
"1.5945121190980136E9","1c:bf:ce:15:ec:4d","0.004451497630812575","78.0","true","0.007079183500131396","false","0.018786490564423525","27.0"
"1.594512120184931E9","b8:27:eb:bf:9d:51","0.004964564518477901","50.9","false","0.007660453055613286","false","0.020438716650667384","22.6"
"1.5945121227857318E9","00:0f:00:70:91:0a","0.0029050147565559603","75.80000305175781","false","0.005198697479294309","false","0.013508733329556249","19.700000762939453"
"1.5945121238726196E9","b8:27:eb:bf:9d:51","0.004975983419764024","50.9","false","0.0076731951447764945","false","0.02047503362023219","22.6"
"1.5945121275601885E9","b8:27:eb:bf:9d:51","0.004960208655965963","50.9","false","0.007655590313556344","false","0.02042485815208522","22.6"
"1.594512129374153E9","1c:bf:ce:15:ec:4d","0.004439322766059633","77.9000015258789","true","0.007065171934738014","false","0.01874677460984377","27.0"
"1.5945121312478008E9","b8:27:eb:bf:9d:51","0.004956119201656337","50.9","false","0.0076510239057846425","false","0.020411844733363067","22.6"
"1.5945121314763765E9","00:0f:00:70:91:0a","0.0029381156266604295","75.80000305175781","false","0.005241481841731117","false","0.013627521132019194","19.700000762939453"
"1.594512133717256E9","1c:bf:ce:15:ec:4d","0.004391003954583357","77.9000015258789","true","0.007009458543138704","false","0.01858890754005078","27.0"
"1.594512134935363E9","b8:27:eb:bf:9d:51","0.004951730376211138","50.8","false","0.007646122051614223","false","0.0203978759436991","22.6"
"1.5945121352890863E9","00:0f:00:70:91:0a","0.0028400886071015706","76.0","false","0.005114383400977071","false","0.013274836704851536","19.700000762939453"
"1.5945121386229827E9","b8:27:eb:bf:9d:51","0.00496164737108716","50.9","false","0.007657196578519527","false","0.02042943583639171","22.6"
"1.5945121396414526E9","00:0f:00:70:91:0a","0.0028400886071015706","76.0","false","0.005114383400977071","false","0.013274836704851536","19.799999237060547"
"1.5945121396659806E9","1c:bf:ce:15:ec:4d","0.0043810606493712365","77.9000015258789","true","0.006997972548972454","false","0.0185563719344664","27.0"
"1.5945121423105588E9","b8:27:eb:bf:9d:51","0.004926209236620995","50.9","false","0.007617593778216732","false","0.020316591192420567","22.6"
"1.5945121450825844E9","1c:bf:ce:15:ec:4d","0.004343507669194112","78.30000305175781","true","0.006954528044554289","false","0.01843334257561367","27.0"
"1.5945121459981682E9","b8:27:eb:bf:9d:51","0.004941750044991869","50.9","false","0.007634970600261486","false","0.02036609998281239","22.6"
"1.5945121488186827E9","00:0f:00:70:91:0a","0.0029050147565559603","75.9000015258789","false","0.005198697479294309","false","0.013508733329556249","19.700000762939453"
"1.5945121496858096E9","b8:27:eb:bf:9d:51","0.004960208655965963","50.9","false","0.007655590313556344","false","0.02042485815208522","22.6"
"1.5945121521008546E9","1c:bf:ce:15:ec:4d","0.004391003954583357","78.5999984741211","true","0.007009458543138704","false","0.01858890754005078","27.0"
"1.5945121531727257E9","00:0f:00:70:91:0a","0.0028400886071015706","76.0","false","0.005114383400977071","false","0.013274836704851536","19.799999237060547"
"1.594512153373032E9","b8:27:eb:bf:9d:51","0.004913615811257231","50.9","false","0.007603501423366902","false","0.020276445922912403","22.6"
"1.5945121570592368E9","b8:27:eb:bf:9d:51","0.004974539932923221","50.9","false","0.007671584837956885","false","0.020470443763956046","22.7"
"1.5945121585780416E9","1c:bf:ce:15:ec:4d","0.004391003954583357","78.30000305175781","true","0.007009458543138704","false","0.01858890754005078","27.0"
"1.5945121591454568E9","00:0f:00:70:91:0a","0.002872341154862943","76.0","false","0.005156332935627952","false","0.013391176782176004","19.799999237060547"
"1.5945121609924853E9","b8:27:eb:bf:9d:51","0.004970284646874498","50.9","false","0.007666837027389065","false","0.020456911465585564","22.7"
"1.5945121629205687E9","1c:bf:ce:15:ec:4d","0.004391003954583357","78.19999694824219","true","0.007009458543138704","false","0.01858890754005078","27.0"
"1.594512164677839E9","b8:27:eb:bf:9d:51","0.004975983419764024","50.9","false","0.0076731951447764945","false","0.02047503362023219","22.6"
"1.5945121672564228E9","00:0f:00:70:91:0a","0.0029050147565559603","75.9000015258789","false","0.005198697479294309","false","0.013508733329556249","19.700000762939453"
"1.594512167261468E9","1c:bf:ce:15:ec:4d","0.004351368546725592","78.19999694824219","true","0.006963630750831947","false","0.018459115963671384","27.0"
"1.5945121683640199E9","b8:27:eb:bf:9d:51","0.00494177873742024","50.9","false","0.0076350026684634895","false","0.0203661913563326","22.6"
"1.5945121720501056E9","b8:27:eb:bf:9d:51","0.0049702557644185795","50.9","false","0.0076668047981169295","false","0.020456819607064126","22.6"
"1.5945121732174854E9","1c:bf:ce:15:ec:4d","0.004391003954583357","78.4000015258789","true","0.007009458543138704","false","0.01858890754005078","27.0"
"1.5945121753714526E9","00:0f:00:70:91:0a","0.002872341154862943","76.0","false","0.005156332935627952","false","0.013391176782176004","19.799999237060547"
"1.594512175736314E9","b8:27:eb:bf:9d:51","0.004965923024384316","50.9","false","0.007661969405603139","false","0.020443038272213086","22.6"
"1.5945121786320183E9","1c:bf:ce:15:ec:4d","0.004427186101015075","78.69999694824219","true","0.007051193749157454","false","0.018707158621500054","27.0"
"1.5945121794223092E9","b8:27:eb:bf:9d:51","0.004954612054612955","50.9","false","0.007649340717237412","false","0.020407048090447917","22.6"
"1.5945121807944636E9","00:0f:00:70:91:0a","0.0028400886071015706","75.9000015258789","false","0.005114383400977071","false","0.013274836704851536","19.700000762939453"
"1.594512183108313E9","b8:27:eb:bf:9d:51","0.0049889187508908575","50.9","false","0.007687619617224229","false","0.02051615061031494","22.6"
"1.5945121845828233E9","1c:bf:ce:15:ec:4d","0.004357291825880533","78.5999984741211","true","0.006970486760267798","false","0.018478529574696607","27.0"
"1.594512184619436E9","00:0f:00:70:91:0a","0.0028400886071015706","76.19999694824219","false","0.005114383400977071","false","0.013274836704851536","19.799999237060547"
"1.5945121867946045E9","b8:27:eb:bf:9d:51","0.004967392505077783","50.9","false","0.007663609495308205","false","0.02044771261955816","22.6"
"1.5945121894795554E9","1c:bf:ce:15:ec:4d","0.00438304383734993","78.5","true","0.007000264000767255","false","0.018562862485791535","27.0"
"1.5945121904766395E9","b8:27:eb:bf:9d:51","0.004946006024708922","50.9","false","0.007639726749698163","false","0.02037965220135719","22.6"
"1.5945121932924936E9","00:0f:00:70:91:0a","0.0029050147565559603","76.0999984741211","false","0.005198697479294309","false","0.013508733329556249","19.799999237060547"
"1.5945121941553497E9","b8:27:eb:bf:9d:51","0.004960423999451569","50.9","false","0.0076558307437068806","false","0.020425543348275513","22.6"
"1.5945121943549402E9","1c:bf:ce:15:ec:4d","0.004391003954583357","78.4000015258789","true","0.007009458543138704","false","0.01858890754005078","27.0"
"1.594512197841233E9","b8:27:eb:bf:9d:51","0.004946034745498635","50.9","false","0.007639758841955934","false","0.020379743647303432","22.6"
"1.594512198697217E9","1c:bf:ce:15:ec:4d","0.0043950416971085815","78.4000015258789","true","0.0070141206810075156","false","0.018602114702960325","27.0"
"1.5945122003289607E9","00:0f:00:70:91:0a","0.0028400886071015706","76.0","false","0.005114383400977071","false","0.013274836704851536","19.799999237060547"
"1.5945122015272138E9","b8:27:eb:bf:9d:51","0.004986055957129389","51.0","false","0.007684428145147966","false","0.020507052858705382","22.7"
"1.5945122052133515E9","b8:27:eb:bf:9d:51","0.00498464934670411","51.0","false","0.007682859855619818","false","0.020502582317531708","22.7"
"1.5945122057552145E9","00:0f:00:70:91:0a","0.002880499447453191","76.0","false","0.005166923396135935","false","0.013420557892696307","19.700000762939453"
"1.5945122062489655E9","1c:bf:ce:15:ec:4d","0.004391003954583357","79.0999984741211","true","0.007009458543138704","false","0.01858890754005078","27.0"
"1.5945122088974986E9","b8:27:eb:bf:9d:51","0.0049417787374202195","51.0","false","0.007635002668463474","false","0.02036619135633256","22.7"
"1.5945122111266878E9","1c:bf:ce:15:ec:4d","0.004391003954583357","78.19999694824219","true","0.007009458543138704","false","0.01858890754005078","27.0"
"1.594512211184731E9","00:0f:00:70:91:0a","0.0029050147565559603","76.0","false","0.005198697479294309","false","0.013508733329556249","19.799999237060547"
"1.5945122125837967E9","b8:27:eb:bf:9d:51","0.004937550230333607","50.9","false","0.007630276105721573","false","0.02035272400878184","22.7"
"1.5945122160754442E9","00:0f:00:70:91:0a","0.0028400886071015706","76.19999694824219","false","0.005114383400977071","false","0.013274836704851536","19.799999237060547"
"1.5945122162700188E9","b8:27:eb:bf:9d:51","0.0049702557644185795","50.9","false","0.0076668047981169295","false","0.020456819607064126","22.6"
"1.5945122165350983E9","1c:bf:ce:15:ec:4d","0.004349401797742013","78.30000305175781","true","0.006961353729961767","false","0.018452668594851434","27.0"
"1.5945122199562583E9","b8:27:eb:bf:9d:51","0.004941750044991869","50.9","false","0.007634970600261486","false","0.02036609998281239","22.6"
"1.5945122203450258E9","1c:bf:ce:15:ec:4d","0.004359262670146884","78.19999694824219","true","0.006972767378880184","false","0.018484987707806065","27.0"
"1.5945122225777857E9","00:0f:00:70:91:0a","0.0029050147565559603","76.0","false","0.005198697479294309","false","0.013508733329556249","19.700000762939453"
"1.5945122236425126E9","b8:27:eb:bf:9d:51","0.004926209236620995","50.8","false","0.007617593778216732","false","0.020316591192420567","22.6"
"1.5945122262972412E9","1c:bf:ce:15:ec:4d","0.004451497630812575","78.19999694824219","true","0.007079183500131396","false","0.018786490564423525","27.0"
"1.5945122269381864E9","00:0f:00:70:91:0a","0.0028400886071015706","76.19999694824219","false","0.005114383400977071","false","0.013274836704851536","19.799999237060547"
"1.594512227328582E9","b8:27:eb:bf:9d:51","0.004964564518477901","50.8","false","0.007660453055613286","false","0.020438716650667384","22.6"
"1.5945122312624438E9","b8:27:eb:bf:9d:51","0.004963086565148857","50.8","false","0.007658803249312079","false","0.020434014742767008","22.6"
"1.5945122329004583E9","00:0f:00:70:91:0a","0.002872341154862943","76.0","false","0.005156332935627952","false","0.013391176782176004","19.700000762939453"
"1.5945122338479059E9","1c:bf:ce:15:ec:4d","0.004451497630812575","78.19999694824219","true","0.007079183500131396","false","0.018786490564423525","27.0"
"1.5945122349424922E9","b8:27:eb:bf:9d:51","0.004960360571303704","50.9","false","0.00765575992673044","false","0.020425341528499556","22.6"
"1.5945122386291656E9","b8:27:eb:bf:9d:51","0.004966004683705177","50.9","false","0.007662060549221368","false","0.020443298034830103","22.6"
"1.5945122388623924E9","00:0f:00:70:91:0a","0.002872341154862943","76.0999984741211","false","0.005156332935627952","false","0.013391176782176004","19.799999237060547"
"1.594512240327304E9","1c:bf:ce:15:ec:4d","0.004467860785588147","78.19999694824219","true","0.007097998517729778","false","0.01883983039291321","27.0"
"1.5945122425696416E9","b8:27:eb:bf:9d:51","0.004976012340421658","50.9","false","0.007673227406398091","false","0.02047512557617824","22.6"
"1.5945122437475667E9","00:0f:00:70:91:0a","0.002872341154862943","76.0","false","0.005156332935627952","false","0.013391176782176004","19.799999237060547"
"1.594512246255759E9","b8:27:eb:bf:9d:51","0.004999032638273733","51.0","false","0.007698890630304273","false","0.020548282319214236","22.7"
"1.5945122468188376E9","1c:bf:ce:15:ec:4d","0.004439322766059633","78.19999694824219","true","0.007065171934738014","false","0.01874677460984377","27.0"
"1.5945122475596132E9","00:0f:00:70:91:0a","0.0027928260727185174","76.0","false","0.005052672065732904","false","0.013103808918996943","19.799999237060547"
"1.5945122499418101E9","b8:27:eb:bf:9d:51","0.004927688483018034","51.0","false","0.0076192484371979926","false","0.02032130519624583","22.7"
"1.5945122530146322E9","00:0f:00:70:91:0a","0.002872341154862943","76.0","false","0.005156332935627952","false","0.013391176782176004","19.700000762939453"
"1.5945122536278481E9","b8:27:eb:bf:9d:51","0.004965923024384316","51.0","false","0.007661969405603139","false","0.020443038272213086","22.7"
"1.5945122538389752E9","1c:bf:ce:15:ec:4d","0.0044596705952071655","78.0","true","0.007088583492204582","false","0.018813137962416113","27.0"
"1.594512257313728E9","b8:27:eb:bf:9d:51","0.004951806384180374","51.0","false","0.007646206954705616","false","0.020398117886424982","22.6"
"1.594512257917655E9","00:0f:00:70:91:0a","0.0028400886071015706","76.0999984741211","false","0.005114383400977071","false","0.013274836704851536","19.799999237060547"
"1.5945122587162416E9","1c:bf:ce:15:ec:4d","0.004427186101015075","78.0","true","0.007051193749157454","false","0.018707158621500054","27.0"
"1.594512260997189E9","b8:27:eb:bf:9d:51","0.0049516728589025436","51.0","false","0.007646057802883879","false","0.02039769285846204","22.6"
"1.594512263880461E9","00:0f:00:70:91:0a","0.0028400886071015706","76.0999984741211","false","0.005114383400977071","false","0.013274836704851536","19.700000762939453"
"1.5945122646830668E9","b8:27:eb:bf:9d:51","0.004941750044991869","51.0","false","0.007634970600261486","false","0.02036609998281239","22.7"
"1.5945122683689249E9","b8:27:eb:bf:9d:51","0.004946034745498646","51.0","false","0.007639758841955949","false","0.020379743647303473","22.6"
"1.594512268941263E9","1c:bf:ce:15:ec:4d","0.004391003954583357","78.0","true","0.007009458543138704","false","0.01858890754005078","27.0"
"1.5945122693070655E9","00:0f:00:70:91:0a","0.0028400886071015706","76.0999984741211","false","0.005114383400977071","false","0.013274836704851536","19.700000762939453"
"1.5945122720551708E9","b8:27:eb:bf:9d:51","0.004980273255129708","51.0","false","0.007677979982782839","false","0.0204886722277338","22.7"
"1.594512273119511E9","00:0f:00:70:91:0a","0.0028400886071015706","76.0999984741211","false","0.005114383400977071","false","0.013274836704851536","19.700000762939453"
"1.594512274350184E9","1c:bf:ce:15:ec:4d","0.004439322766059633","78.0","true","0.007065171934738014","false","0.01874677460984377","27.0"
"1.5945122757402208E9","b8:27:eb:bf:9d:51","0.004987461470932203","51.0","false","0.007685995089779333","false","0.020511519628265668","22.7"
"1.5945122774707866E9","00:0f:00:70:91:0a","0.0028400886071015706","76.0999984741211","false","0.005114383400977071","false","0.013274836704851536","19.799999237060547"
"1.594512279226336E9","1c:bf:ce:15:ec:4d","0.004359262670146884","77.9000015258789","true","0.006972767378880184","false","0.018484987707806065","27.0"
"1.5945122794246385E9","b8:27:eb:bf:9d:51","0.0049918045156689544","51.0","false","0.007690836185008321","false","0.020525320161423766","22.6"
"1.594512282896851E9","00:0f:00:70:91:0a","0.0028400886071015706","76.0999984741211","false","0.005114383400977071","false","0.013274836704851536","19.700000762939453"
"1.5945122831108127E9","b8:27:eb:bf:9d:51","0.004943182617163027","51.0","false","0.007636571657115063","false","0.020370661985558803","22.6"
"1.5945122841044822E9","1c:bf:ce:15:ec:4d","0.004391003954583357","77.9000015258789","true","0.007009458543138704","false","0.01858890754005078","27.0"
"1.594512286797752E9","b8:27:eb:bf:9d:51","0.00496164737108716","51.0","false","0.007657196578519527","false","0.02042943583639171","22.7"
"1.5945122899379995E9","00:0f:00:70:91:0a","0.0028400886071015706","76.0999984741211","false","0.005114383400977071","false","0.013274836704851536","19.799999237060547"
"1.594512290481524E9","b8:27:eb:bf:9d:51","0.004975983419764024","51.0","false","0.0076731951447764945","false","0.02047503362023219","22.7"
"1.594512291120198E9","1c:bf:ce:15:ec:4d","0.004391003954583357","78.0","true","0.007009458543138704","false","0.01858890754005078","27.0"
"1.5945122941652725E9","b8:27:eb:bf:9d:51","0.004967363641908952","51.0","false","0.007663577282372411","false","0.020447620810233658","22.7"
"1.594512294292488E9","00:0f:00:70:91:0a","0.0027928260727185174","76.19999694824219","false","0.005052672065732904","false","0.013103808918996943","19.799999237060547"
"1.5945122970675566E9","1c:bf:ce:15:ec:4d","0.004391003954583357","77.9000015258789","true","0.007009458543138704","false","0.01858890754005078","27.0"
"1.59451229784964E9","b8:27:eb:bf:9d:51","0.004963086565148857","51.0","false","0.007658803249312079","false","0.020434014742767008","22.6"
"1.5945122986459558E9","00:0f:00:70:91:0a","0.0028400886071015706","76.19999694824219","false","0.005114383400977071","false","0.013274836704851536","19.700000762939453"
"1.594512301534507E9","b8:27:eb:bf:9d:51","0.0049904088641428285","51.0","false","0.007689280610421139","false","0.020520885612960962","22.6"
"1.5945123029969525E9","00:0f:00:70:91:0a","0.0028400886071015706","76.19999694824219","false","0.005114383400977071","false","0.013274836704851536","19.799999237060547"
"1.594512305220806E9","b8:27:eb:bf:9d:51","0.004965923024384316","51.0","false","0.007661969405603139","false","0.020443038272213086","22.7"
"1.5945123089071703E9","b8:27:eb:bf:9d:51","0.004947492095656169","51.0","false","0.007641387199470832","false","0.020384383638608426","22.6"
"1.5945123097499459E9","1c:bf:ce:15:ec:4d","0.004451497630812575","77.9000015258789","true","0.007079183500131396","false","0.018786490564423525","27.0"
"1.5945123100601006E9","00:0f:00:70:91:0a","0.0028400886071015706","76.9000015258789","false","0.005114383400977071","false","0.013274836704851536","19.799999237060547"
"1.594512312592361E9","b8:27:eb:bf:9d:51","0.0049975187761753075","50.9","false","0.007697203969535183","false","0.020543473736896547","22.6"
"1.5945123149528723E9","00:0f:00:70:91:0a","0.0028400886071015706","76.19999694824219","false","0.005114383400977071","false","0.013274836704851536","19.799999237060547"
"1.594512316277727E9","b8:27:eb:bf:9d:51","0.005000431058117265","50.9","false","0.007700448546223221","false","0.020552723920458538","22.6"
"1.594512319303195E9","00:0f:00:70:91:0a","0.0028400886071015706","76.19999694824219","false","0.005114383400977071","false","0.013274836704851536","19.700000762939453"
"1.5945123199630647E9","b8:27:eb:bf:9d:51","0.0049918045156689544","51.0","false","0.007690836185008321","false","0.020525320161423766","22.7"
"1.5945123223801043E9","1c:bf:ce:15:ec:4d","0.004349401797742013","77.80000305175781","true","0.006961353729961767","false","0.018452668594851434","27.0"
"1.5945123236467438E9","b8:27:eb:bf:9d:51","0.004943234648433479","51.0","false","0.007636629805362983","false","0.020370827672636756","22.7"
"1.5945123247315602E9","00:0f:00:70:91:0a","0.0028400886071015706","76.19999694824219","false","0.005114383400977071","false","0.013274836704851536","19.700000762939453"
"1.594512327330708E9","b8:27:eb:bf:9d:51","0.00499325375359451","51.0","false","0.007692451358973315","false","0.020529924677306237","22.7"
"1.5945123309915383E9","1c:bf:ce:15:ec:4d","0.004451497630812575","77.80000305175781","true","0.007079183500131396","false","0.018786490564423525","27.0"
"1.5945123310156698E9","b8:27:eb:bf:9d:51","0.004990367027321253","51.0","false","0.007689233977800002","false","0.02052075267613416","22.7"
"1.5945123346973357E9","b8:27:eb:bf:9d:51","0.005000431058117265","51.0","false","0.007700448546223221","false","0.020552723920458538","22.7"
"1.5945123350020547E9","00:0f:00:70:91:0a","0.002872341154862943","76.4000015258789","false","0.005156332935627952","false","0.013391176782176004","19.700000762939453"
"1.5945123358637028E9","1c:bf:ce:15:ec:4d","0.0043337212164143695","77.80000305175781","true","0.006943189198213005","false","0.018401241001346533","27.0"
"1.5945123383836343E9","b8:27:eb:bf:9d:51","0.0049975187761753075","51.0","false","0.007697203969535183","false","0.020543473736896547","22.7"
"1.5945123388165228E9","00:0f:00:70:91:0a","0.0028400886071015706","76.30000305175781","false","0.005114383400977071","false","0.013274836704851536","19.700000762939453"
"1.5945123407421043E9","1c:bf:ce:15:ec:4d","0.004415087500457798","77.80000305175781","true","0.007037248850426282","false","0.01866764230752451","27.0"
"1.5945123420655313E9","b8:27:eb:bf:9d:51","0.005006240632182739","51.0","false","0.007706919438637187","false","0.020571173019568807","22.7"
"1.5945123457499473E9","b8:27:eb:bf:9d:51","0.005014937888725793","51.0","false","0.007716602845017321","false","0.020598783258953382","22.7"
"1.5945123488300364E9","1c:bf:ce:15:ec:4d","0.004306514739184723","78.9000015258789","true","0.0069116297568273454","false","0.018311911439168656","27.0"
"1.5945123496670337E9","b8:27:eb:bf:9d:51","0.005026603511120971","51.0","false","0.0077295838992666914","false","0.02063579976792437","22.7"
"1.594512350158604E9","00:0f:00:70:91:0a","0.0029050147565559603","76.0999984741211","false","0.005198697479294309","false","0.013508733329556249","19.700000762939453"
"1.5945123533518052E9","b8:27:eb:bf:9d:51","0.0049917626654190465","51.0","false","0.0076907895410273305","false","0.020525187190379175","22.7"
"1.5945123553161287E9","1c:bf:ce:15:ec:4d","0.004451497630812575","77.9000015258789","true","0.007079183500131396","false","0.018786490564423525","27.0"
"1.594512356135651E9","00:0f:00:70:91:0a","0.0028400886071015706","76.0999984741211","false","0.005114383400977071","false","0.013274836704851536","19.799999237060547"
"1.594512357038556E9","b8:27:eb:bf:9d:51","0.004990367027321253","51.0","false","0.007689233977800002","false","0.02052075267613416","22.7"
"1.59451235912307E9","1c:bf:ce:15:ec:4d","0.004415087500457798","77.9000015258789","true","0.007037248850426282","false","0.01866764230752451","27.0"
"1.5945123604978554E9","00:0f:00:70:91:0a","0.0028400886071015706","76.0999984741211","false","0.005114383400977071","false","0.013274836704851536","19.700000762939453"
"1.5945123607226696E9","b8:27:eb:bf:9d:51","0.004981718651497499","51.0","false","0.007679591906153292","false","0.020493266952704953","22.7"
"1.5945123643988764E9","b8:27:eb:bf:9d:51","0.005039661301076519","51.0","false","0.007744104224423696","false","0.02067721065258828","22.6"
"1.5945123653878493E9","00:0f:00:70:91:0a","0.0027928260727185174","76.0999984741211","false","0.005052672065732904","false","0.013103808918996943","19.700000762939453"
"1.5945123661619394E9","1c:bf:ce:15:ec:4d","0.004517441200106276","77.9000015258789","true","0.007154892140546868","false","0.01900118011334872","27.0"
"1.594512368079987E9","b8:27:eb:bf:9d:51","0.004967363641908973","51.0","false","0.007663577282372426","false","0.0204476208102337","22.6"
"1.594512369224688E9","00:0f:00:70:91:0a","0.0028400886071015706","76.0999984741211","false","0.005114383400977071","false","0.013274836704851536","19.700000762939453"
"1.5945123710358164E9","1c:bf:ce:15:ec:4d","0.004451497630812575","78.0","true","0.007079183500131396","false","0.018786490564423525","27.0"
"1.5945123717663155E9","b8:27:eb:bf:9d:51","0.004980273255129708","51.0","false","0.007677979982782839","false","0.0204886722277338","22.6"
"1.5945123754486268E9","b8:27:eb:bf:9d:51","0.004965923024384316","51.0","false","0.007661969405603139","false","0.020443038272213086","22.6"
"1.5945123791335208E9","b8:27:eb:bf:9d:51","0.005000431058117265","51.0","false","0.007700448546223221","false","0.020552723920458538","22.7"
"1.5945123805670068E9","00:0f:00:70:91:0a","0.0028400886071015706","76.0","false","0.005114383400977071","false","0.013274836704851536","19.799999237060547"
"1.5945123828176394E9","b8:27:eb:bf:9d:51","0.00499906171272812","51.0","false","0.007698923022057949","false","0.020548374667125894","22.7"
"1.5945123847219987E9","1c:bf:ce:15:ec:4d","0.004391003954583357","78.0","true","0.007009458543138704","false","0.01858890754005078","27.0"
"1.5945123859992137E9","00:0f:00:70:91:0a","0.0028400886071015706","76.19999694824219","false","0.005114383400977071","false","0.013274836704851536","19.799999237060547"
"1.5945123865186393E9","b8:27:eb:bf:9d:51","0.004971644949355073","51.0","false","0.007668354899155351","false","0.020461237669930986","22.7"
"1.5945123885299382E9","1c:bf:ce:15:ec:4d","0.004341544997156483","78.0","true","0.006952254607111063","false","0.0184269059272954","27.0"
"1.5945123902062676E9","b8:27:eb:bf:9d:51","0.0049589911677668614","51.0","false","0.007654230938485053","false","0.020420984128872936","22.7"
"1.5945123919667501E9","00:0f:00:70:91:0a","0.0028400886071015706","76.0","false","0.005114383400977071","false","0.013274836704851536","19.700000762939453"
"1.5945123938938837E9","b8:27:eb:bf:9d:51","0.005006198643002675","51.0","false","0.0077068726771779275","false","0.020571039694632563","22.7"
"1.5945123955457332E9","1c:bf:ce:15:ec:4d","0.0044596705952071655","78.19999694824219","true","0.007088583492204582","false","0.018813137962416113","27.0"
"1.5945123973998473E9","00:0f:00:70:91:0a","0.002880499447453191","76.0","false","0.005166923396135935","false","0.013420557892696307","19.700000762939453"
"1.5945123975818694E9","b8:27:eb:bf:9d:51","0.004981718651497499","51.0","false","0.007679591906153292","false","0.020493266952704953","22.7"
"1.594512399356173E9","1c:bf:ce:15:ec:4d","0.004492535123085711","78.19999694824219","true","0.007126334076582767","false","0.018920178763772003","27.0"
"1.5945124012124512E9","00:0f:00:70:91:0a","0.0028400886071015706","76.0","false","0.005114383400977071","false","0.013274836704851536","19.700000762939453"
"1.5945124012695198E9","b8:27:eb:bf:9d:51","0.004986109008305955","51.0","false","0.007684487291756326","false","0.020507221462303375","22.7"
"1.5945124042321637E9","1c:bf:ce:15:ec:4d","0.004439322766059633","78.30000305175781","true","0.007065171934738014","false","0.01874677460984377","27.100000381469727"
"1.5945124049568317E9","b8:27:eb:bf:9d:51","0.004987503279799377","51.0","false","0.0076860416987492575","false","0.020511652493852638","22.7"
"1.5945124082484004E9","00:0f:00:70:91:0a","0.0028400886071015706","76.0","false","0.005114383400977071","false","0.013274836704851536","19.799999237060547"
"1.5945124086433067E9","b8:27:eb:bf:9d:51","0.004970255764418569","51.0","false","0.007666804798116914","false","0.020456819607064084","22.7"
"1.5945124091058335E9","1c:bf:ce:15:ec:4d","0.004318122146935968","78.19999694824219","true","0.006925101044087962","false","0.018350038763671615","27.0"
"1.5945124123305879E9","b8:27:eb:bf:9d:51","0.0050033244669303745","51.0","false","0.007703671578774829","false","0.02056191294548746","22.7"
"1.5945124125999038E9","00:0f:00:70:91:0a","0.0027928260727185174","75.80000305175781","false","0.005052672065732904","false","0.013103808918996943","19.799999237060547"
"1.5945124150487883E9","1c:bf:ce:15:ec:4d","0.004291027976634838","78.0999984741211","true","0.0068936405301486155","false","0.018261005046697677","27.0"
"1.5945124160162945E9","b8:27:eb:bf:9d:51","0.004999032638273733","51.0","false","0.007698890630304273","false","0.020548282319214236","22.7"
"1.5945124193913538E9","1c:bf:ce:15:ec:4d","0.004341544997156483","78.19999694824219","true","0.006952254607111063","false","0.0184269059272954","27.100000381469727"
"1.5945124197021863E9","b8:27:eb:bf:9d:51","0.004966004683705177","51.1","false","0.007662060549221368","false","0.020443298034830103","22.7"
"1.594512423387916E9","b8:27:eb:bf:9d:51","0.004965923024384316","51.1","false","0.007661969405603139","false","0.020443038272213086","22.7"
"1.5945124239299147E9","00:0f:00:70:91:0a","0.0028400886071015706","75.4000015258789","false","0.005114383400977071","false","0.013274836704851536","19.799999237060547"
"1.5945124248014004E9","1c:bf:ce:15:ec:4d","0.0044596705952071655","78.0999984741211","true","0.007088583492204582","false","0.018813137962416113","27.0"
"1.5945124270737925E9","b8:27:eb:bf:9d:51","0.0049975187761753075","51.1","false","0.007697203969535183","false","0.020543473736896547","22.7"
"1.5945124307498245E9","1c:bf:ce:15:ec:4d","0.004341544997156483","78.0999984741211","true","0.006952254607111063","false","0.0184269059272954","27.0"
"1.5945124307596412E9","b8:27:eb:bf:9d:51","0.004990396043941724","51.0","false","0.007689266320638166","false","0.02052084487669889","22.7"
"1.5945124326445713E9","00:0f:00:70:91:0a","0.0028400886071015706","75.5","false","0.005114383400977071","false","0.013274836704851536","19.799999237060547"
"1.59451243444543E9","b8:27:eb:bf:9d:51","0.005006198643002675","51.0","false","0.0077068726771779275","false","0.020571039694632563","22.7"
"1.594512437535063E9","00:0f:00:70:91:0a","0.0028400886071015706","75.5999984741211","false","0.005114383400977071","false","0.013274836704851536","19.799999237060547"
"1.5945124381311555E9","b8:27:eb:bf:9d:51","0.004993255943286525","51.1","false","0.00769245379928438","false","0.020529931634161582","22.7"
"1.5945124418172643E9","b8:27:eb:bf:9d:51","0.005004798371907663","51.1","false","0.0077053131961680645","false","0.02056659337853827","22.7"
"1.5945124455029986E9","b8:27:eb:bf:9d:51","0.005013474082937118","51.0","false","0.007714973388998304","false","0.020594137035241118","22.6"
"1.5945124456660502E9","00:0f:00:70:91:0a","0.0028400886071015706","75.5999984741211","false","0.005114383400977071","false","0.013274836704851536","19.799999237060547"
"1.5945124465909781E9","1c:bf:ce:15:ec:4d","0.004351368546725592","78.0999984741211","true","0.006963630750831947","false","0.018459115963671384","27.0"
"1.594512449188678E9","b8:27:eb:bf:9d:51","0.005014895815816586","51.1","false","0.007716556012802595","false","0.020598649720848933","22.7"
"1.5945124494777734E9","00:0f:00:70:91:0a","0.0028400886071015706","75.5999984741211","false","0.005114383400977071","false","0.013274836704851536","19.799999237060547"
"1.5945124514662137E9","1c:bf:ce:15:ec:4d","0.004391003954583357","78.0","true","0.007009458543138704","false","0.01858890754005078","27.0"
"1.5945124528745456E9","b8:27:eb:bf:9d:51","0.004990367027321253","51.1","false","0.007689233977800002","false","0.02052075267613416","22.7"
"1.5945124532920814E9","00:0f:00:70:91:0a","0.0028400886071015706","75.5999984741211","false","0.005114383400977071","false","0.013274836704851536","19.799999237060547"
"1.594512456351643E9","1c:bf:ce:15:ec:4d","0.004341544997156483","78.0","true","0.006952254607111063","false","0.0184269059272954","27.0"
"1.594512456560279E9","b8:27:eb:bf:9d:51","0.0049975187761753075","51.1","false","0.007697203969535183","false","0.020543473736896547","22.7"
"1.5945124571063414E9","00:0f:00:70:91:0a","0.002792826072718529","75.80000305175781","false","0.005052672065732914","false","0.013103808918996969","19.799999237060547"
"1.5945124602454543E9","b8:27:eb:bf:9d:51","0.004981718651497499","51.1","false","0.007679591906153292","false","0.020493266952704953","22.6"
"1.594512461990267E9","00:0f:00:70:91:0a","0.0027464639649043125","75.5999984741211","false","0.00499185514043881","false","0.012935399194207225","19.799999237060547"
"1.5945124638909159E9","b8:27:eb:bf:9d:51","0.005004798371907663","51.1","false","0.0077053131961680645","false","0.02056659337853827","22.7"
"1.5945124638974855E9","1c:bf:ce:15:ec:4d","0.004341544997156483","78.0","true","0.006952254607111063","false","0.0184269059272954","27.0"
"1.5945124675879502E9","b8:27:eb:bf:9d:51","0.00499467109787153","51.1","false","0.00769403086209367","false","0.020534427566983336","22.6"
"1.5945124698433945E9","1c:bf:ce:15:ec:4d","0.004302587482353521","78.0","true","0.006907069601024313","false","0.018299006133198348","27.0"
"1.594512471276725E9","b8:27:eb:bf:9d:51","0.005020724682505054","51.1","false","0.007723043208479552","false","0.020617147937530188","22.6"
"1.594512472252391E9","00:0f:00:70:91:0a","0.0028400886071015706","75.5","false","0.005114383400977071","false","0.013274836704851536","19.799999237060547"
"1.5945124749624975E9","b8:27:eb:bf:9d:51","0.004965923024384316","51.1","false","0.007661969405603139","false","0.020443038272213086","22.6"
"1.594512476609095E9","00:0f:00:70:91:0a","0.0028400886071015706","75.30000305175781","false","0.005114383400977071","false","0.013274836704851536","19.799999237060547"
"1.5945124768573587E9","1c:bf:ce:15:ec:4d","0.004341544997156483","78.19999694824219","true","0.006952254607111063","false","0.0184269059272954","27.0"
"1.594512478648146E9","b8:27:eb:bf:9d:51","0.004967497652890949","51.1","false","0.0076637268458020725","false","0.02044804707764083","22.7"
"1.5945124823353093E9","b8:27:eb:bf:9d:51","0.004981718651497499","51.1","false","0.007679591906153292","false","0.020493266952704953","22.6"
"1.5945124825734913E9","00:0f:00:70:91:0a","0.0028400886071015706","75.19999694824219","false","0.005114383400977071","false","0.013274836704851536","19.700000762939453"
"1.594512485561073E9","1c:bf:ce:15:ec:4d","0.004439322766059633","78.4000015258789","true","0.007065171934738014","false","0.01874677460984377","27.0"
"1.5945124860212014E9","b8:27:eb:bf:9d:51","0.005009116730980302","51.1","false","0.0077101221622329396","false","0.020580304664794817","22.6"
"1.5945124869302876E9","00:0f:00:70:91:0a","0.0028400886071015706","75.30000305175781","false","0.005114383400977071","false","0.013274836704851536","19.799999237060547"
"1.594512489706947E9","b8:27:eb:bf:9d:51","0.0049975187761753075","51.2","false","0.007697203969535183","false","0.020543473736896547","22.7"
"1.5945124909776528E9","1c:bf:ce:15:ec:4d","0.004341544997156483","78.5","true","0.006952254607111063","false","0.0184269059272954","27.0"
"1.5945124933928335E9","b8:27:eb:bf:9d:51","0.004986014162185905","51.2","false","0.007684381547959801","false","0.020506920028605487","22.7"
"1.5945124970788255E9","b8:27:eb:bf:9d:51","0.004956020119314213","51.1","false","0.007650913254530793","false","0.020411529404297364","22.6"
"1.5945124971942053E9","00:0f:00:70:91:0a","0.0028400886071015706","75.19999694824219","false","0.005114383400977071","false","0.013274836704851536","19.700000762939453"
"1.5945125006676934E9","1c:bf:ce:15:ec:4d","0.004371185835592808","78.5","true","0.006986558534210241","false","0.018524043826774132","27.0"
"1.5945125007652602E9","b8:27:eb:bf:9d:51","0.004988856176477648","51.1","false","0.00768754986403752","false","0.020515951766039403","22.6"
"1.5945125010078723E9","00:0f:00:70:91:0a","0.0028400886071015706","75.19999694824219","false","0.005114383400977071","false","0.013274836704851536","19.799999237060547"
"1.5945125044511814E9","b8:27:eb:bf:9d:51","0.004988856176477648","51.1","false","0.00768754986403752","false","0.020515951766039403","22.6"
"1.5945125053599744E9","00:0f:00:70:91:0a","0.0028400886071015706","75.30000305175781","false","0.005114383400977071","false","0.013274836704851536","19.799999237060547"
"1.594512506089249E9","1c:bf:ce:15:ec:4d","0.004351368546725592","78.5","true","0.006963630750831947","false","0.018459115963671384","27.0"
"1.5945125081369832E9","b8:27:eb:bf:9d:51","0.00499467109787153","51.1","false","0.00769403086209367","false","0.020534427566983336","22.6"
"1.5945125113209257E9","00:0f:00:70:91:0a","0.0028400886071015706","75.19999694824219","false","0.005114383400977071","false","0.013274836704851536","19.700000762939453"
"1.5945125118230798E9","b8:27:eb:bf:9d:51","0.0049917626654190465","51.1","false","0.0076907895410273305","false","0.020525187190379175","22.6"
"1.5945125125707974E9","1c:bf:ce:15:ec:4d","0.004341544997156483","78.30000305175781","true","0.006952254607111063","false","0.0184269059272954","27.0"
"1.5945125154171016E9","b8:27:eb:bf:9d:51","0.004977374442158452","51.1","false","0.007674746801727237","false","0.02047945636896379","22.6"
"1.5945125172920337E9","00:0f:00:70:91:0a","0.0028400886071015706","75.19999694824219","false","0.005114383400977071","false","0.013274836704851536","19.700000762939453"
"1.594512517447655E9","1c:bf:ce:15:ec:4d","0.004367173233938183","78.80000305175781","true","0.006981918445414766","false","0.018510902653682694","27.0"
"1.594512519105431E9","b8:27:eb:bf:9d:51","0.004991762665419067","51.1","false","0.007690789541027346","false","0.02052518719037922","22.6"
"1.5945125227309122E9","00:0f:00:70:91:0a","0.0028400886071015706","75.19999694824219","false","0.005114383400977071","false","0.013274836704851536","19.700000762939453"
"1.594512522791306E9","b8:27:eb:bf:9d:51","0.0049889187508908575","51.1","false","0.007687619617224229","false","0.02051615061031494","22.6"
"1.59451252647733E9","b8:27:eb:bf:9d:51","0.004973087472122843","51.1","false","0.007669964389622595","false","0.02046582506763876","22.6"
"1.594512527149592E9","1c:bf:ce:15:ec:4d","0.004359262670146884","79.30000305175781","true","0.006972767378880184","false","0.018484987707806065","27.0"
"1.5945125301631079E9","b8:27:eb:bf:9d:51","0.005000431058117265","51.1","false","0.007700448546223221","false","0.020552723920458538","22.6"
"1.594512531925513E9","00:0f:00:70:91:0a","0.0028400886071015706","75.0999984741211","false","0.005114383400977071","false","0.013274836704851536","19.700000762939453"
"1.5945125330925503E9","1c:bf:ce:15:ec:4d","0.004341544997156483","79.0999984741211","true","0.006952254607111063","false","0.0184269059272954","27.0"
"1.5945125338488903E9","b8:27:eb:bf:9d:51","0.00496164737108716","51.1","false","0.007657196578519527","false","0.02042943583639171","22.6"
"1.5945125362765982E9","00:0f:00:70:91:0a","0.0028400886071015706","75.0999984741211","false","0.005114383400977071","false","0.013274836704851536","19.700000762939453"
"1.5945125375349653E9","b8:27:eb:bf:9d:51","0.0049918045156689544","51.1","false","0.007690836185008321","false","0.020525320161423766","22.6"
"1.5945125390393465E9","1c:bf:ce:15:ec:4d","0.004343507669194112","78.80000305175781","true","0.006954528044554289","false","0.01843334257561367","27.0"
"1.594512540101289E9","00:0f:00:70:91:0a","0.0028400886071015706","75.0999984741211","false","0.005114383400977071","false","0.013274836704851536","19.700000762939453"
"1.5945125412208881E9","b8:27:eb:bf:9d:51","0.004986014162185905","51.0","false","0.007684381547959801","false","0.020506920028605487","22.6"
"1.5945125449100237E9","b8:27:eb:bf:9d:51","0.00499467109787153","51.0","false","0.00769403086209367","false","0.020534427566983336","22.6"
"1.5945125450208576E9","1c:bf:ce:15:ec:4d","0.004343507669194112","78.30000305175781","true","0.006954528044554289","false","0.01843334257561367","27.0"
"1.5945125455301967E9","00:0f:00:70:91:0a","0.0028400886071015706","75.0","false","0.005114383400977071","false","0.013274836704851536","19.700000762939453"
"1.59451254859579E9","b8:27:eb:bf:9d:51","0.004984620368428419","50.9","false","0.0076828275452263525","false","0.02050249021469233","22.6"
"1.5945125488305173E9","1c:bf:ce:15:ec:4d","0.00438304383734993","78.69999694824219","true","0.007000264000767255","false","0.018562862485791535","27.0"
"1.5945125521088912E9","00:0f:00:70:91:0a","0.0028400886071015706","75.0","false","0.005114383400977071","false","0.013274836704851536","19.700000762939453"
"1.594512552281934E9","b8:27:eb:bf:9d:51","0.005000431058117265","50.9","false","0.007700448546223221","false","0.020552723920458538","22.6"
"1.594512552640627E9","1c:bf:ce:15:ec:4d","0.0043337212164143695","78.19999694824219","true","0.006943189198213005","false","0.018401241001346533","27.0"
"1.59451255596701E9","b8:27:eb:bf:9d:51","0.004983111514093396","50.7","false","0.007681145120843153","false","0.02049769439306953","22.6"
"1.594512559142543E9","00:0f:00:70:91:0a","0.0028400886071015706","75.0999984741211","false","0.005114383400977071","false","0.013274836704851536","19.700000762939453"
"1.5945125596532643E9","b8:27:eb:bf:9d:51","0.0049917626654190465","50.5","false","0.0076907895410273305","false","0.020525187190379175","22.6"
"1.5945125601876419E9","1c:bf:ce:15:ec:4d","0.004341544997156483","78.0","true","0.006952254607111063","false","0.0184269059272954","27.0"
"1.5945125629603138E9","00:0f:00:70:91:0a","0.0028400886071015706","75.0999984741211","false","0.005114383400977071","false","0.013274836704851536","19.700000762939453"
"1.5945125633390877E9","b8:27:eb:bf:9d:51","0.004986014162185905","50.4","false","0.007684381547959801","false","0.020506920028605487","22.6"
"1.5945125645294924E9","1c:bf:ce:15:ec:4d","0.004341544997156483","78.0","true","0.006952254607111063","false","0.0184269059272954","27.0"
"1.5945125670251727E9","b8:27:eb:bf:9d:51","0.00496164737108716","50.3","false","0.007657196578519527","false","0.02042943583639171","22.6"
"1.5945125678502383E9","00:0f:00:70:91:0a","0.0028400886071015706","75.19999694824219","false","0.005114383400977071","false","0.013274836704851536","19.700000762939453"
"1.594512570479444E9","1c:bf:ce:15:ec:4d","0.004341544997156483","78.0","true","0.006952254607111063","false","0.0184269059272954","27.0"
"1.59451257071103E9","b8:27:eb:bf:9d:51","0.004967392505077783","50.2","false","0.007663609495308205","false","0.02044771261955816","22.6"
"1.5945125727376988E9","00:0f:00:70:91:0a","0.0027464639649043125","75.19999694824219","false","0.00499185514043881","false","0.012935399194207225","19.700000762939453"
"1.5945125743969593E9","b8:27:eb:bf:9d:51","0.004987587533354325","50.1","false","0.007686135625180355","false","0.02051192024484988","22.6"
"1.594512578033297E9","1c:bf:ce:15:ec:4d","0.004302587482353521","78.0","true","0.006907069601024313","false","0.018299006133198348","27.0"
"1.5945125780828621E9","b8:27:eb:bf:9d:51","0.004967363641908973","50.0","false","0.007663577282372426","false","0.0204476208102337","22.6"
"1.5945125786981199E9","00:0f:00:70:91:0a","0.0028400886071015706","75.0999984741211","false","0.005114383400977071","false","0.013274836704851536","19.700000762939453"
"1.5945125817687669E9","b8:27:eb:bf:9d:51","0.004971644949355083","50.0","false","0.007668354899155367","false","0.020461237669931027","22.6"
"1.594512584657613E9","00:0f:00:70:91:0a","0.0028400886071015706","75.19999694824219","false","0.005114383400977071","false","0.013274836704851536","19.700000762939453"
"1.5945125850463905E9","1c:bf:ce:15:ec:4d","0.004302587482353521","78.0","true","0.006907069601024313","false","0.018299006133198348","27.0"
"1.5945125854548755E9","b8:27:eb:bf:9d:51","0.004975983419764024","49.9","false","0.0076731951447764945","false","0.02047503362023219","22.5"
"1.5945125891410255E9","b8:27:eb:bf:9d:51","0.004947440012952541","49.9","false","0.007641329007601407","false","0.02038421782019489","22.5"
"1.5945125893883755E9","1c:bf:ce:15:ec:4d","0.004302587482353521","78.0","true","0.006907069601024313","false","0.018299006133198348","27.0"
"1.59451258956027E9","00:0f:00:70:91:0a","0.0028400886071015706","75.19999694824219","false","0.005114383400977071","false","0.013274836704851536","19.700000762939453"
"1.5945125928299394E9","b8:27:eb:bf:9d:51","0.004971644949355073","49.7","false","0.007668354899155351","false","0.020461237669930986","22.5"
"1.5945125931955447E9","1c:bf:ce:15:ec:4d","0.004298763354029815","78.0","true","0.006902628086986379","false","0.018286437143554293","27.0"
"1.594512593915936E9","00:0f:00:70:91:0a","0.0028400886071015706","75.19999694824219","false","0.005114383400977071","false","0.013274836704851536","19.700000762939453"
"1.5945125965157933E9","b8:27:eb:bf:9d:51","0.004980273255129708","49.7","false","0.007677979982782839","false","0.0204886722277338","22.5"
"1.594512597728581E9","00:0f:00:70:91:0a","0.0027464639649043125","75.19999694824219","false","0.00499185514043881","false","0.012935399194207225","19.700000762939453"
"1.5945126002017455E9","b8:27:eb:bf:9d:51","0.005000431058117265","49.7","false","0.007700448546223221","false","0.020552723920458538","22.5"
"1.594512600220639E9","1c:bf:ce:15:ec:4d","0.004302587482353521","78.0999984741211","true","0.006907069601024313","false","0.018299006133198348","27.0"
"1.5945126038875432E9","b8:27:eb:bf:9d:51","0.0049702557644185795","49.6","false","0.0076668047981169295","false","0.020456819607064126","22.5"
"1.5945126056325188E9","1c:bf:ce:15:ec:4d","0.004302587482353521","78.0999984741211","true","0.006907069601024313","false","0.018299006133198348","27.0"
"1.594512607573413E9","b8:27:eb:bf:9d:51","0.004980273255129708","49.5","false","0.007677979982782839","false","0.0204886722277338","22.5"
"1.5945126105035768E9","1c:bf:ce:15:ec:4d","0.004245144995939635","78.0999984741211","true","0.006840237652460521","false","0.018109937596469793","27.0"
"1.5945126112593684E9","b8:27:eb:bf:9d:51","0.0049788188730137085","49.5","false","0.007676357907786832","false","0.02048404863234007","22.5"
"1.594512614945196E9","b8:27:eb:bf:9d:51","0.004975983419764024","49.5","false","0.0076731951447764945","false","0.02047503362023219","22.5"
"1.5945126186312613E9","b8:27:eb:bf:9d:51","0.004980273255129708","49.6","false","0.007677979982782839","false","0.0204886722277338","22.5"
"1.5945126187600505E9","00:0f:00:70:91:0a","0.0028400886071015706","74.9000015258789","false","0.005114383400977071","false","0.013274836704851536","19.700000762939453"
"1.5945126191201742E9","1c:bf:ce:15:ec:4d","0.004279504098783255","78.0999984741211","true","0.006880242885696068","false","0.018223097918814084","27.0"
"1.5945126223164136E9","b8:27:eb:bf:9d:51","0.004973087472122843","49.6","false","0.007669964389622595","false","0.02046582506763876","22.4"
"1.59451262364804E9","00:0f:00:70:91:0a","0.0028400886071015706","75.0","false","0.005114383400977071","false","0.013274836704851536","19.700000762939453"
"1.5945126260022788E9","b8:27:eb:bf:9d:51","0.004996121290982169","49.7","false","0.007695646843981007","false","0.02053903451653109","22.5"
"1.59451262745905E9","00:0f:00:70:91:0a","0.0028400886071015706","74.80000305175781","false","0.005114383400977071","false","0.013274836704851536","19.700000762939453"
"1.5945126293466551E9","1c:bf:ce:15:ec:4d","0.004268015724909952","78.0","true","0.006866876581690483","false","0.018185284480068557","27.0"
"1.5945126296883273E9","b8:27:eb:bf:9d:51","0.004986014162185905","49.6","false","0.007684381547959801","false","0.020506920028605487","22.5"
"1.5945126331554966E9","1c:bf:ce:15:ec:4d","0.004302587482353521","78.0","true","0.006907069601024313","false","0.018299006133198348","27.0"
"1.5945126333744543E9","b8:27:eb:bf:9d:51","0.004977374442158452","49.5","false","0.007674746801727237","false","0.02047945636896379","22.4"
"1.594512633958323E9","00:0f:00:70:91:0a","0.0027928260727185174","74.9000015258789","false","0.005052672065732904","false","0.013103808918996943","19.700000762939453"
"1.5945126369652033E9","1c:bf:ce:15:ec:4d","0.004302587482353521","78.0","true","0.006907069601024313","false","0.018299006133198348","27.0"
"1.594512637060391E9","b8:27:eb:bf:9d:51","0.005006198643002675","49.5","false","0.0077068726771779275","false","0.020571039694632563","22.5"
"1.5945126407464511E9","b8:27:eb:bf:9d:51","0.004991857637047187","49.4","false","0.007690895391011707","false","0.02052548894392567","22.4"
"1.594512641531259E9","00:0f:00:70:91:0a","0.002792826072718529","74.80000305175781","false","0.005052672065732914","false","0.013103808918996969","19.700000762939453"
"1.5945126434511547E9","1c:bf:ce:15:ec:4d","0.004302587482353521","77.9000015258789","true","0.006907069601024313","false","0.018299006133198348","27.0"
"1.594512644432477E9","b8:27:eb:bf:9d:51","0.004986014162185905","49.4","false","0.007684381547959801","false","0.020506920028605487","22.4"
"1.5945126453470898E9","00:0f:00:70:91:0a","0.0028400886071015706","74.80000305175781","false","0.005114383400977071","false","0.013274836704851536","19.700000762939453"
"1.5945126481185544E9","b8:27:eb:bf:9d:51","0.005023652490398155","49.3","false","0.007726300905393802","false","0.020626437648987774","22.4"
"1.5945126491606364E9","00:0f:00:70:91:0a","0.0028400886071015706","74.9000015258789","false","0.005114383400977071","false","0.013274836704851536","19.700000762939453"
"1.5945126509945235E9","1c:bf:ce:15:ec:4d","0.004310346782817193","77.80000305175781","true","0.006916078246683563","false","0.0183245012883274","27.0"
"1.5945126518033702E9","b8:27:eb:bf:9d:51","0.004996121290982169","49.3","false","0.007695646843981007","false","0.02053903451653109","22.4"
"1.5945126540510828E9","00:0f:00:70:91:0a","0.0028400886071015706","74.80000305175781","false","0.005114383400977071","false","0.013274836704851536","19.700000762939453"
"1.594512655489412E9","b8:27:eb:bf:9d:51","0.005000431058117265","49.3","false","0.007700448546223221","false","0.020552723920458538","22.4"
"1.594512659075764E9","1c:bf:ce:15:ec:4d","0.004333721216414352","77.80000305175781","true","0.00694318919821299","false","0.018401241001346495","27.0"
"1.5945126591756582E9","b8:27:eb:bf:9d:51","0.004963086565148857","49.2","false","0.007658803249312079","false","0.020434014742767008","22.4"
"1.5945126594791284E9","00:0f:00:70:91:0a","0.0028400886071015706","74.69999694824219","false","0.005114383400977071","false","0.013274836704851536","19.600000381469727"
"1.5945126628630002E9","b8:27:eb:bf:9d:51","0.004980273255129708","49.1","false","0.007677979982782839","false","0.0204886722277338","22.4"
"1.5945126649200866E9","00:0f:00:70:91:0a","0.0028400886071015706","74.69999694824219","false","0.005114383400977071","false","0.013274836704851536","19.700000762939453"
"1.5945126660969007E9","1c:bf:ce:15:ec:4d","0.004318122146935968","77.69999694824219","true","0.006925101044087962","false","0.018350038763671615","27.0"
"1.5945126665484667E9","b8:27:eb:bf:9d:51","0.004973087472122843","49.2","false","0.007669964389622595","false","0.02046582506763876","22.4"
"1.5945126702345774E9","b8:27:eb:bf:9d:51","0.004987503279799377","49.2","false","0.0076860416987492575","false","0.020511652493852638","22.4"
"1.5945126736466587E9","1c:bf:ce:15:ec:4d","0.004341544997156483","77.5999984741211","true","0.006952254607111063","false","0.0184269059272954","27.0"
"1.5945126739099188E9","b8:27:eb:bf:9d:51","0.004971644949355073","49.3","false","0.007668354899155351","false","0.020461237669930986","22.4"
"1.5945126741612878E9","00:0f:00:70:91:0a","0.0028400886071015706","74.69999694824219","false","0.005114383400977071","false","0.013274836704851536","19.600000381469727"
"1.5945126775940351E9","b8:27:eb:bf:9d:51","0.004987587533354325","49.2","false","0.007686135625180355","false","0.02051192024484988","22.3"
"1.5945126779885254E9","1c:bf:ce:15:ec:4d","0.004291027976634838","77.5999984741211","true","0.0068936405301486155","false","0.018261005046697677","27.0"
"1.5945126812360778E9","b8:27:eb:bf:9d:51","0.004981718651497499","49.3","false","0.007679591906153292","false","0.020493266952704953","22.4"
"1.5945126817364595E9","00:0f:00:70:91:0a","0.0028400886071015706","74.69999694824219","false","0.005114383400977071","false","0.013274836704851536","19.600000381469727"
"1.5945126817964954E9","1c:bf:ce:15:ec:4d","0.004291027976634838","77.5999984741211","true","0.0068936405301486155","false","0.018261005046697677","27.0"
"1.5945126849265115E9","b8:27:eb:bf:9d:51","0.005029450827371423","49.2","false","0.007732751017203628","false","0.020644831700203845","22.3"
"1.5945126855533442E9","00:0f:00:70:91:0a","0.0028400886071015706","74.80000305175781","false","0.005114383400977071","false","0.013274836704851536","19.600000381469727"
"1.5945126866679873E9","1c:bf:ce:15:ec:4d","0.004302587482353521","77.69999694824219","true","0.006907069601024313","false","0.018299006133198348","27.0"
"1.5945126888607478E9","b8:27:eb:bf:9d:51","0.005026603511120971","49.2","false","0.0077295838992666914","false","0.02063579976792437","22.3"
"1.594512691519144E9","00:0f:00:70:91:0a","0.0028400886071015706","74.80000305175781","false","0.005114383400977071","false","0.013274836704851536","19.600000381469727"
"1.5945126915414915E9","1c:bf:ce:15:ec:4d","0.004312293276664535","77.80000305175781","true","0.0069183374465911175","false","0.01833089535182281","27.0"
"1.5945126925476577E9","b8:27:eb:bf:9d:51","0.004997560681814241","49.2","false","0.007697250660363953","false","0.020543606849059416","22.3"
"1.594512695869991E9","00:0f:00:70:91:0a","0.0028400886071015706","74.80000305175781","false","0.005114383400977071","false","0.013274836704851536","19.600000381469727"
"1.5945126958855205E9","1c:bf:ce:15:ec:4d","0.004302587482353521","77.80000305175781","true","0.006907069601024313","false","0.018299006133198348","27.0"
"1.5945126962336426E9","b8:27:eb:bf:9d:51","0.00499467109787153","49.1","false","0.00769403086209367","false","0.020534427566983336","22.3"
"1.5945126999164987E9","b8:27:eb:bf:9d:51","0.0049975187761753075","49.1","false","0.007697203969535183","false","0.020543473736896547","22.3"
"1.594512700240111E9","1c:bf:ce:15:ec:4d","0.004302587482353521","77.9000015258789","true","0.006907069601024313","false","0.018299006133198348","27.0"
"1.5945127036023388E9","b8:27:eb:bf:9d:51","0.005014937888725793","49.1","false","0.007716602845017321","false","0.020598783258953382","22.3"
"1.5945127061261122E9","00:0f:00:70:91:0a","0.0028400886071015706","74.69999694824219","false","0.005114383400977071","false","0.013274836704851536","19.600000381469727"
"1.5945127067221627E9","1c:bf:ce:15:ec:4d","0.004302587482353521","77.9000015258789","true","0.006907069601024313","false","0.018299006133198348","27.0"
"1.5945127072868965E9","b8:27:eb:bf:9d:51","0.005000431058117265","49.1","false","0.007700448546223221","false","0.020552723920458538","22.3"
"1.5945127099407187E9","00:0f:00:70:91:0a","0.0028400886071015706","74.80000305175781","false","0.005114383400977071","false","0.013274836704851536","19.600000381469727"
"1.5945127109708362E9","b8:27:eb:bf:9d:51","0.004975983419764024","49.1","false","0.0076731951447764945","false","0.02047503362023219","22.3"
"1.5945127126659107E9","1c:bf:ce:15:ec:4d","0.004318122146935968","78.0","true","0.006925101044087962","false","0.018350038763671615","27.0"
"1.5945127146565921E9","b8:27:eb:bf:9d:51","0.005007696878207129","49.1","false","0.007708541127152052","false","0.020575796765639313","22.3"
"1.5945127153674855E9","00:0f:00:70:91:0a","0.0028400886071015706","74.69999694824219","false","0.005114383400977071","false","0.013274836704851536","19.600000381469727"